{
    "nombreArchivo": "json/categoria-ninos-6-7.json",
    "nombreCategoria": "Niños 6 - 7 años",
    "rondas": [{
        "peleadores": [{
            "nombre": "Matías Cartín (KWF)",
            "estado": ""
        }, {
            "nombre": "Mateo Cortez (Naksu)",
            "estado": ""
        }, {
            "nombre": "",
            "estado": ""
        }, {
            "nombre": "",
            "estado": ""
        }, {
            "nombre": "Jenyor Méndez (SJK G)",
            "estado": ""
        }, {
            "nombre": "Leslie Bojorges (SJK)",
            "estado": ""
        }, {
            "nombre": "Guillermo Matamoros",
            "estado": ""
        }, {
            "nombre": "Felipe Salazar (KWF)",
            "estado": ""
        }]
    }, {
        "peleadores": [{
            "nombre": "",
            "estado": ""
        }, {
            "nombre": "Adrián Ramírez (TWZ)",
            "estado": ""
        }, {
            "nombre": "",
            "estado": ""
        }, {
            "nombre": "",
            "estado": ""
        }]
    }, {
        "peleadores": [{
            "nombre": "",
            "estado": ""
        }, {
            "nombre": "",
            "estado": ""
        }]
    }, {
        "peleadores": [{
            "nombre": "",
            "estado": ""
        }]
    }],
    "cantidadDePeleadores": 7
}