{"nombreArchivo":"json/categoria-livianos-avanzados.json","nombreCategoria":"Livianos Avanzados","rondas":[{"peleadores":[{"nombre":"Daniel Rojas (SKM)","estado":"looser"},{"nombre":"Josué Fonseca (IKO Matsushima)","estado":"winner"},{"nombre":"","estado":""},{"nombre":"","estado":""},{"nombre":"Daniel Jiménez (Enshin)","estado":"looser"},{"nombre":"Marlon Castro (IKO Matsushima)","estado":"winner"},{"nombre":"Felipe Porras (KKIKO)","estado":"looser"},{"nombre":"Jeffrey Chung (KWF)","estado":"winner"}]},{"peleadores":[{"nombre":"Josué Fonseca (IKO Matsushima)","estado":"looser"},{"nombre":"Oscar López (SKM)","estado":"winner"},{"nombre":"Marlon Castro (IKO Matsushima)","estado":"looser"},{"nombre":"Jeffrey Chung (KWF)","estado":"winner"}]},{"peleadores":[{"nombre":"Oscar López (SKM)","estado":"looser"},{"nombre":"Jeffrey Chung (KWF)","estado":"winner"}]},{"peleadores":[{"nombre":"Jeffrey Chung (KWF)","estado":""}]}],"cantidadDePeleadores":8}