{
    "nombreArchivo": "json/categoria-ninos-4-5.json",
    "nombreCategoria": "Niños 4 - 5 años",
    "rondas": [{
        "peleadores": [{
            "nombre": "",
            "estado": ""
        }, {
            "nombre": "",
            "estado": ""
        }, {
            "nombre": "",
            "estado": ""
        }, {
            "nombre": "",
            "estado": ""
        }, {
            "nombre": "",
            "estado": ""
        }, {
            "nombre": "",
            "estado": ""
        }, {
            "nombre": "Juan Antonio Madrigal (KKIKO)",
            "estado": ""
        }, {
            "nombre": "Matías Pacheco (Cobra)",
            "estado": ""
        }]
    }, {
        "peleadores": [{
            "nombre": "Tomás Crespo (KWF)",
            "estado": ""
        }, {
            "nombre": "Antonio Martínez (KKIKO)",
            "estado": ""
        }, {
            "nombre": "Santiago Ludert (Naksu)",
            "estado": ""
        }, {
            "nombre": "",
            "estado": ""
        }]
    }, {
        "peleadores": [{
            "nombre": "",
            "estado": ""
        }, {
            "nombre": "",
            "estado": ""
        }]
    }, {
        "peleadores": [{
            "nombre": "",
            "estado": ""
        }]
    }],
    "cantidadDePeleadores": 5
}  