{"nombreArchivo":"json/categoria-medianos-principiantes.json","nombreCategoria":"Masculino Medianos Principiantes","rondas":[{"peleadores":[{"nombre":"Sebastián Castillo (SKM)","estado":"winner"},{"nombre":"Kevin Durán (IKOKU Mex)","estado":"looser"},{"nombre":"Luis Fernando Ríos (SDK)","estado":"looser"},{"nombre":"Armando D'Ambrosio (KWF)","estado":"winner"}]},{"peleadores":[{"nombre":"Sebastián Castillo (SKM)","estado":"looser"},{"nombre":"Armando D'Ambrosio (KWF)","estado":"winner"}]},{"peleadores":[{"nombre":"Armando D'Ambrosio (KWF)","estado":""}]}],"cantidadDePeleadores":4}