{"nombreArchivo":"json/categoria-senior-open.json","nombreCategoria":"Masculino Senior Open Weight","rondas":[{"peleadores":[{"nombre":"Marek Ociesielski (KWF USA)","estado":"winner"},{"nombre":"Edwin Montenegro (IKO Matsushima)","estado":"looser"},{"nombre":"Alejandro Sevilla (KKIKO)","estado":"winner"},{"nombre":"Geovanny Forero (IKO Matsushima)","estado":"looser"}]},{"peleadores":[{"nombre":"Marek Ociesielski (KWF USA)","estado":"looser"},{"nombre":"Alejandro Sevilla (KKIKO)","estado":"winner"}]},{"peleadores":[{"nombre":"Alejandro Sevilla (KKIKO)","estado":""}]}],"cantidadDePeleadores":4}