{"nombreArchivo":"json/categoria-medianos-avanzados.json","nombreCategoria":"Medianos Avanzados","rondas":[{"peleadores":[{"nombre":"","estado":""},{"nombre":"","estado":""},{"nombre":"Eduardo Saborío (Shin Dojo)","estado":"looser"},{"nombre":"Alonso Rivera (KKIKO)","estado":"winner"},{"nombre":"Jason Villalta (KWF)","estado":"winner"},{"nombre":"Antonio Segovia (KKIKO)","estado":"looser"},{"nombre":"Robert Mullins (SDK)","estado":"winner"},{"nombre":"Joaquín Aguilar (KKIKO)","estado":"looser"}]},{"peleadores":[{"nombre":"Jonathan González (KWF)","estado":"winner"},{"nombre":"Alonso Rivera (KKIKO)","estado":"looser"},{"nombre":"Jason Villalta (KWF)","estado":"winner"},{"nombre":"Robert Mullins (SDK)","estado":"looser"}]},{"peleadores":[{"nombre":"Jonathan González (KWF)","estado":"winner"},{"nombre":"Jason Villalta (KWF)","estado":"looser"}]},{"peleadores":[{"nombre":"Jonathan González (KWF)","estado":""}]}],"cantidadDePeleadores":8}