{"nombreArchivo":"json/categoria-mujeres-principiantes.json","nombreCategoria":"Mujeres Principiantes","rondas":[{"peleadores":[{"nombre":"Xiomara Cascante (SDK)","estado":""},{"nombre":"Karol Rodríguez (KKIKO)","estado":""},{"nombre":"","estado":""},{"nombre":"","estado":""},{"nombre":"Mileidy Venegas (WKO)","estado":"winner"},{"nombre":"Yorleny Camps (SDK)","estado":"looser"},{"nombre":"Mónica Castillo (SDK)","estado":"looser"},{"nombre":"Andrea Guzmán (KWF)","estado":"winner"}]},{"peleadores":[{"nombre":"","estado":"looser"},{"nombre":"Mariel Solano (SDK)","estado":"winner"},{"nombre":"Mileidy Venegas (WKO)","estado":"looser"},{"nombre":"Andrea Guzmán (KWF)","estado":"winner"}]},{"peleadores":[{"nombre":"Mariel Solano (SDK)","estado":"winner"},{"nombre":"Andrea Guzmán (KWF)","estado":"looser"}]},{"peleadores":[{"nombre":"Mariel Solano (SDK)","estado":""}]}],"cantidadDePeleadores":8}