{"nombreArchivo":"json/categoria-pesados-avanzados.json","nombreCategoria":"Pesados Avanzados","rondas":[{"peleadores":[{"nombre":"","estado":""},{"nombre":"","estado":""},{"nombre":"Chris Wojtusiak (KWF USA)","estado":"looser"},{"nombre":"Jonathan Lawrence (WKO)","estado":"winner"},{"nombre":"Alvaro Rojas (KKIKO Colón)","estado":"looser"},{"nombre":"Johnny Vega (SDK)","estado":"winner"},{"nombre":"","estado":""},{"nombre":"","estado":""}]},{"peleadores":[{"nombre":"Christian García (KWF Esp)","estado":"winner"},{"nombre":"Jonathan Lawrence (WKO)","estado":"looser"},{"nombre":"Johnny Vega (SDK)","estado":"winner"},{"nombre":"Carlos León (KWF)","estado":"looser"}]},{"peleadores":[{"nombre":"Christian García (KWF Esp)","estado":"winner"},{"nombre":"Johnny Vega (SDK)","estado":"looser"}]},{"peleadores":[{"nombre":"Christian García (KWF Esp)","estado":""}]}],"cantidadDePeleadores":8}