{"nombreArchivo":"json/categoria-livianos-principiantes.json","nombreCategoria":"Masculino Livianos Principiantes","rondas":[{"peleadores":[{"nombre":"","estado":""},{"nombre":"","estado":""},{"nombre":"Victor H. Pedroza (IKOKU Mex)","estado":"winner"},{"nombre":"Jonathan Badilla (SJK G)","estado":"looser"},{"nombre":"Horacio Matus (SJK G)","estado":"looser"},{"nombre":"Alejandro Pérez (IKO Matsuhima)","estado":"winner"},{"nombre":"","estado":""},{"nombre":"","estado":""}]},{"peleadores":[{"nombre":"Kevin Villalta (KWF)","estado":"winner"},{"nombre":"Victor H. Pedroza (IKOKU Mex)","estado":"looser"},{"nombre":"Alejandro Pérez (IKO Matsuhima)","estado":"winner"},{"nombre":"Lym Warrin (SDK)","estado":"looser"}]},{"peleadores":[{"nombre":"Kevin Villalta (KWF)","estado":"winner"},{"nombre":"Alejandro Pérez (IKO Matsuhima)","estado":"looser"}]},{"peleadores":[{"nombre":"Kevin Villalta (KWF)","estado":""}]}],"cantidadDePeleadores":8}