{"nombreArchivo":"json/categoria-pesados-principiantes.json","nombreCategoria":"Masculino Pesados Principiantes","rondas":[{"peleadores":[{"nombre":"Josué Ugarte (KKIKO)","estado":"looser"},{"nombre":"Diego Moya (Enshin)","estado":"winner"},{"nombre":"","estado":""},{"nombre":"","estado":""},{"nombre":"","estado":""},{"nombre":"","estado":""},{"nombre":"","estado":""},{"nombre":"","estado":""},{"nombre":"","estado":""},{"nombre":"","estado":""},{"nombre":"","estado":""},{"nombre":"","estado":""},{"nombre":"","estado":""},{"nombre":"","estado":""},{"nombre":"","estado":""},{"nombre":"","estado":""}]},{"peleadores":[{"nombre":"Diego Moya (Enshin)","estado":"winner"},{"nombre":"Chris Wojtusiak (KWF USA)","estado":"looser"},{"nombre":"Andrés Hernández (WKO)","estado":"winner"},{"nombre":"Minor Martín (SKM)","estado":"looser"},{"nombre":"José Mena (SKM)","estado":"looser"},{"nombre":"Alejandro Rodríguez (SJK G)","estado":"winner"},{"nombre":"Jerónimo Vallejos (KKIKO)","estado":"looser"},{"nombre":"Andrés Cáceres","estado":"winner"}]},{"peleadores":[{"nombre":"Diego Moya (Enshin)","estado":"looser"},{"nombre":"Andrés Hernández (WKO)","estado":"winner"},{"nombre":"Alejandro Rodríguez (SJK G)","estado":"looser"},{"nombre":"Andrés Cáceres","estado":"winner"}]},{"peleadores":[{"nombre":"Andrés Hernández (WKO)","estado":"looser"},{"nombre":"Andrés Cáceres","estado":"winner"}]},{"peleadores":[{"nombre":"Andrés Cáceres","estado":""}]}],"cantidadDePeleadores":16}