{"nombreArchivo":"json/categoria-mujeres-avanzadas.json","nombreCategoria":"Mujeres Avanzadas","rondas":[{"peleadores":[{"nombre":"","estado":""},{"nombre":"","estado":""},{"nombre":"Yerlin Porras (SKM)","estado":"winner"},{"nombre":"Silvia Berrios (KKIKO)","estado":"looser"},{"nombre":"Sofía Freer (SKM)","estado":"looser"},{"nombre":"Nathalie Jiménes (KWF)","estado":"winner"},{"nombre":"","estado":""},{"nombre":"","estado":""}]},{"peleadores":[{"nombre":"Catalina Rivera (KWF)","estado":"winner"},{"nombre":"Yerlin Porras (SKM)","estado":"looser"},{"nombre":"Nathalie Jiménes (KWF)","estado":"winner"},{"nombre":"Sara Prieto (KWF Esp)","estado":"looser"}]},{"peleadores":[{"nombre":"Catalina Rivera (KWF)","estado":"winner"},{"nombre":"Nathalie Jiménes (KWF)","estado":"looser"}]},{"peleadores":[{"nombre":"Catalina Rivera (KWF)","estado":""}]}],"cantidadDePeleadores":8}