{
    "nombreArchivo": "json/categoria-ninas-6-7.json",
    "nombreCategoria": "Niñas 6 - 7 años",
    "rondas": [{
        "peleadores": [{
            "nombre": "Jimena Alvarado (SJK G)",
            "estado": ""
        }, {
            "nombre": "Dana Sánchez (TWZ)",
            "estado": ""
        }, {
            "nombre": "Claudia Caler (SKM)",
            "estado": ""
        }, {
            "nombre": "Yalitza Arias (SJK)",
            "estado": ""
        }]
    }, {
        "peleadores": [{
            "nombre": "",
            "estado": ""
        }, {
            "nombre": "",
            "estado": ""
        }]
    }, {
        "peleadores": [{
            "nombre": "",
            "estado": ""
        }]
    }],
    "cantidadDePeleadores": 4
}  